restart,seed,initial_energy,best_energy,steps,time_s
0,42,162304.0,56926.0,1000000,184.69473671913147
1,43,154682.0,59759.0,1000000,222.72484731674194
2,44,162346.0,56588.0,1000000,187.45670104026794
